github.com/aymanbagabas/go-osc52/v2,https://github.com/aymanbagabas/go-osc52/blob/v2.0.1/LICENSE,MIT
github.com/cli/go-gh/v2,https://github.com/cli/go-gh/blob/v2.12.1/LICENSE,MIT
github.com/cli/safeexec,https://github.com/cli/safeexec/blob/v1.0.0/LICENSE,BSD-2-Clause
github.com/cli/shurcooL-graphql,https://github.com/cli/shurcooL-graphql/blob/v0.0.4/LICENSE,MIT
github.com/henvic/httpretty,https://github.com/henvic/httpretty/blob/v0.0.6/LICENSE.md,MIT
github.com/lucasb-eyer/go-colorful,https://github.com/lucasb-eyer/go-colorful/blob/v1.2.0/LICENSE,MIT
github.com/mattn/go-isatty,https://github.com/mattn/go-isatty/blob/v0.0.20/LICENSE,MIT
github.com/muesli/termenv,https://github.com/muesli/termenv/blob/v0.16.0/LICENSE,MIT
github.com/rivo/uniseg,https://github.com/rivo/uniseg/blob/v0.4.7/LICENSE.txt,MIT
github.com/thlib/go-timezone-local/tzlocal,https://github.com/thlib/go-timezone-local/blob/ef149e42d28e/LICENSE,Unlicense
golang.org/x/sys/unix,https://cs.opensource.google/go/x/sys/+/v0.31.0:LICENSE,BSD-3-Clause
golang.org/x/term,https://cs.opensource.google/go/x/term/+/v0.30.0:LICENSE,BSD-3-Clause
golang.org/x/text/transform,https://cs.opensource.google/go/x/text/+/v0.23.0:LICENSE,BSD-3-Clause
gopkg.in/yaml.v3,https://github.com/go-yaml/yaml/blob/v3.0.1/LICENSE,MIT
launchsense/mcp,Unknown,Unknown
